ID клиента;Возраст;Пол;Срок сотрудничества;Кредитный рейтинг;Сумма на банковском счете;Количество банковских продуктов;Кредитная карта;Статус сотрудничества
15701042;27.0;Женский;2;596;151027.56;1;Есть;Остается клиентом
15603247;35.0;Женский;1;743;146781.24;1;Есть;Остается клиентом
15567802;34.0;Женский;2;450;0.0;2;Есть;Остается клиентом
15713975;47.0;Женский;10;565;139756.12;1;Есть;Покинул банк
15772363;42.0;Женский;0;772;101979.16;1;Есть;Остается клиентом
15806230;40.0;Мужской;2;629;121647.54;2;Есть;Покинул банк
15748797;33.0;Женский;0;636;0.0;1;Есть;Покинул банк
15690526;31.0;Мужской;2;690;137260.45;2;Есть;Остается клиентом
15717010;60.0;Женский;5;741;0.0;1;Есть;Остается клиентом
15774872;36.0;Мужской;10;663;0.0;2;Есть;Остается клиентом
15792180;22.0;Мужской;7;566;144954.75;2;Есть;Остается клиентом
15641389;48.0;Мужской;4;659;123593.22;2;Есть;Покинул банк
15602479;37.0;Мужской;5;609;129312.79;1;Есть;Остается клиентом
15745399;49.0;Женский;2;649;0.0;1;Есть;Покинул банк
15649121;52.0;Мужской;3;665;0.0;1;Есть;Покинул банк
15591286;49.0;Женский;4;731;88826.07;1;Есть;Покинул банк
15612140;46.0;Женский;7;721;137933.39;1;Есть;Остается клиентом
15666270;40.0;Женский;2;676;147803.48;1;Есть;Покинул банк
15668347;36.0;Мужской;6;624;0.0;2;Нет;Остается клиентом
15734246;21.0;Женский;8;746;166883.07;2;Нет;Остается клиентом
15738907;60.0;Женский;6;798;96956.1;1;Есть;Покинул банк
15599081;46.0;Женский;8;507;102785.16;1;Есть;Остается клиентом
15669491;46.0;Женский;2;850;157866.77;1;Есть;Остается клиентом
15798659;43.0;Женский;3;526;0.0;2;Есть;Остается клиентом
15630466;45.0;Мужской;8;797;0.0;1;Нет;Остается клиентом
15589257;35.0;Женский;3;670;103465.02;2;Есть;Остается клиентом
15800061;45.0;Женский;3;495;89158.94;3;Есть;Покинул банк
15588449;27.0;Женский;5;591;107812.67;1;Нет;Покинул банк
15662501;48.0;Мужской;3;583;91246.53;1;Есть;Покинул банк
15584704;48.0;Мужской;10;519;71083.98;1;Есть;Остается клиентом
15570601;47.0;Женский;9;785;122031.55;1;Есть;Покинул банк
15607133;49.0;Женский;1;717;110864.38;2;Есть;Покинул банк
15633944;32.0;Мужской;3;644;136659.74;1;Есть;Остается клиентом
15690958;23.0;Мужской;2;767;139542.82;1;Нет;Остается клиентом
15569526;40.0;Мужской;10;601;98627.13;2;Нет;Остается клиентом
15662736;49.0;Мужской;2;559;147069.78;1;Есть;Покинул банк
15662532;31.0;Мужской;8;757;149085.9;2;Есть;Остается клиентом
15703588;25.0;Мужской;5;665;153611.83;2;Есть;Остается клиентом
15737071;60.0;Женский;5;639;162039.78;1;Есть;Покинул банк
15720924;34.0;Женский;1;585;0.0;1;Есть;Остается клиентом
15751137;36.0;Женский;3;850;169025.83;1;Есть;Остается клиентом
15708713;35.0;Мужской;3;633;0.0;2;Есть;Остается клиентом
15678910;30.0;Женский;8;680;141441.75;1;Есть;Остается клиентом
15732293;31.0;Мужской;8;759;0.0;2;Есть;Остается клиентом
15813067;45.0;Женский;3;432;110219.14;1;Есть;Покинул банк
15790810;41.0;Женский;10;844;76319.64;1;Есть;Покинул банк
15724620;37.0;Мужской;1;538;134752.08;1;Есть;Остается клиентом
15664681;35.0;Женский;2;584;114321.28;2;Нет;Остается клиентом
15690182;37.0;Мужской;5;635;113488.68;1;Есть;Покинул банк
15781619;38.0;Женский;1;785;0.0;1;Есть;Покинул банк
15650424;48.0;Женский;3;641;147341.43;1;Есть;Покинул банк
15803842;45.0;Женский;3;752;105426.5;2;Нет;Остается клиентом
15726791;45.0;Женский;2;637;157929.45;1;Есть;Покинул банк
15812210;32.0;Женский;8;497;111537.23;4;Есть;Покинул банк
15637690;34.0;Женский;7;622;98675.74;1;Есть;Покинул банк
15623989;54.0;Мужской;3;435;0.0;1;Есть;Покинул банк
15642394;35.0;Мужской;5;529;0.0;2;Есть;Остается клиентом
15769005;49.0;Мужской;4;709;154344.49;2;Есть;Остается клиентом
15792646;64.0;Женский;1;647;91216.0;1;Есть;Остается клиентом
15772423;54.0;Мужской;8;739;126418.14;1;Есть;Покинул банк
15734892;37.0;Мужской;4;579;0.0;2;Есть;Остается клиентом
15710164;73.0;Женский;7;523;0.0;2;Нет;Покинул банк
15653753;43.0;Мужской;6;542;113567.94;1;Есть;Остается клиентом
15692106;25.0;Женский;3;606;147386.72;3;Есть;Покинул банк
15778947;36.0;Мужской;3;628;0.0;2;Есть;Остается клиентом
15642063;40.0;Мужской;6;692;163505.16;1;Нет;Остается клиентом
15749807;31.0;Женский;3;516;0.0;2;Есть;Остается клиентом
15801904;28.0;Мужской;0;677;143988.0;2;Есть;Покинул банк
15580629;31.0;Мужской;6;604;134837.58;1;Есть;Остается клиентом
15766166;43.0;Мужской;2;604;145081.72;1;Есть;Остается клиентом
15722479;37.0;Мужской;1;707;0.0;2;Нет;Остается клиентом
15768137;23.0;Женский;6;667;136100.69;2;Нет;Покинул банк
15664339;48.0;Мужской;4;775;178144.91;2;Нет;Покинул банк
15603764;49.0;Мужской;4;560;0.0;1;Есть;Покинул банк
15581736;47.0;Мужской;1;673;183579.54;2;Нет;Остается клиентом
15675794;47.0;Мужской;9;645;152076.93;1;Есть;Покинул банк
15679148;44.0;Мужской;3;508;115451.05;2;Нет;Остается клиентом
15649450;24.0;Мужской;6;805;143221.35;2;Есть;Остается клиентом
15807923;39.0;Женский;10;716;115301.31;1;Есть;Покинул банк
15750335;43.0;Мужской;0;850;108508.82;3;Есть;Покинул банк
15672912;39.0;Женский;7;737;130051.66;2;Нет;Покинул банк
15715638;77.0;Мужской;3;824;27517.15;2;Нет;Остается клиентом
15721007;33.0;Мужской;8;776;115130.34;1;Нет;Покинул банк
15623219;33.0;Мужской;8;596;0.0;1;Есть;Покинул банк
15711378;38.0;Мужской;4;677;0.0;2;Есть;Остается клиентом
15729110;42.0;Женский;7;729;0.0;2;Есть;Покинул банк
15637178;45.0;Женский;7;803;0.0;2;Есть;Остается клиентом
15650266;39.0;Мужской;2;679;146186.28;2;Есть;Остается клиентом
15786463;59.0;Женский;8;645;121669.93;2;Нет;Покинул банк
15615245;19.0;Мужской;5;660;127649.64;1;Есть;Остается клиентом
15814237;30.0;Мужской;3;627;128770.88;2;Есть;Остается клиентом
15738835;38.0;Мужской;7;850;101985.81;2;Нет;Остается клиентом
15575694;45.0;Женский;7;729;91091.06;2;Есть;Остается клиентом
15768387;41.0;Мужской;8;581;0.0;2;Нет;Остается клиентом
15696120;30.0;Женский;2;701;0.0;2;Есть;Остается клиентом
15677123;37.0;Мужской;7;767;0.0;2;Есть;Остается клиентом
15597602;57.0;Мужской;3;619;137946.39;1;Есть;Покинул банк
15768295;34.0;Женский;7;778;109564.1;1;Нет;Остается клиентом
15799186;38.0;Мужской;4;632;0.0;2;Нет;Остается клиентом
15683027;29.0;Мужской;4;570;122028.65;2;Есть;Остается клиентом
15684861;32.0;Женский;8;726;0.0;2;Нет;Остается клиентом
15716186;38.0;Женский;2;586;0.0;2;Есть;Остается клиентом
15686137;32.0;Мужской;9;456;147506.25;1;Есть;Остается клиентом
15768566;34.0;Мужской;8;706;0.0;2;Есть;Остается клиентом
15781504;20.0;Мужской;4;685;104719.94;2;Есть;Остается клиентом
15720134;30.0;Мужской;9;709;115479.48;2;Есть;Остается клиентом
15787699;34.0;Мужской;4;650;142393.11;1;Есть;Остается клиентом
15718406;41.0;Мужской;3;540;0.0;2;Есть;Остается клиентом
15770719;39.0;Женский;6;697;151553.19;1;Есть;Остается клиентом
15691817;44.0;Женский;5;547;0.0;3;Нет;Покинул банк
15678034;46.0;Мужской;9;811;180226.24;1;Есть;Покинул банк
15787255;55.0;Женский;2;650;140891.46;3;Есть;Покинул банк
15584452;41.0;Мужской;6;667;0.0;2;Нет;Остается клиентом
15804919;65.0;Женский;1;670;0.0;1;Есть;Покинул банк
15690134;42.0;Женский;3;464;85679.25;1;Есть;Остается клиентом
15585198;41.0;Мужской;4;715;94267.9;1;Нет;Покинул банк
15715951;42.0;Мужской;2;562;100238.35;1;Нет;Остается клиентом
15801218;49.0;Мужской;8;675;135133.39;1;Нет;Покинул банк
15601274;40.0;Женский;1;667;146502.07;1;Есть;Остается клиентом
15657829;30.0;Мужской;8;806;168078.83;1;Есть;Покинул банк
15654760;40.0;Мужской;1;811;101514.89;1;Есть;Остается клиентом
15756026;46.0;Женский;9;790;0.0;1;Нет;Покинул банк
15587647;66.0;Женский;0;850;127120.62;1;Нет;Покинул банк
15723006;38.0;Мужской;8;489;0.0;2;Нет;Остается клиентом
15657284;47.0;Мужской;6;674;106901.94;1;Есть;Покинул банк
15612627;29.0;Мужской;5;627;139541.58;2;Есть;Остается клиентом
15757535;44.0;Женский;5;647;0.0;3;Есть;Покинул банк
15572038;35.0;Мужской;9;660;113948.58;1;Есть;Покинул банк
15613140;34.0;Мужской;6;565;0.0;1;Есть;Остается клиентом
15672437;72.0;Мужской;1;642;160541.0;2;Есть;Остается клиентом
15702298;41.0;Мужской;8;655;125561.97;1;Нет;Покинул банк
15752294;38.0;Женский;9;582;135979.01;4;Есть;Покинул банк
15738605;46.0;Женский;5;634;123642.36;1;Есть;Покинул банк
15772243;33.0;Женский;9;612;0.0;1;Нет;Покинул банк
15624188;33.0;Женский;6;712;0.0;2;Есть;Остается клиентом
15633274;34.0;Мужской;7;679;160515.37;1;Есть;Остается клиентом
15585599;34.0;Женский;8;530;0.0;2;Нет;Остается клиентом
15687001;54.0;Мужской;1;596;123544.0;1;Есть;Покинул банк
15792668;37.0;Мужской;7;661;109908.06;2;Есть;Покинул банк
15631359;38.0;Женский;5;489;117289.92;1;Нет;Остается клиентом
15793346;72.0;Женский;3;602;0.0;2;Есть;Остается клиентом
15605425;44.0;Женский;2;545;127536.44;1;Есть;Остается клиентом
15706537;59.0;Женский;7;577;111396.97;1;Нет;Остается клиентом
15673790;45.0;Мужской;7;498;109200.74;2;Нет;Остается клиентом
15648362;45.0;Мужской;3;728;108924.33;2;Есть;Покинул банк
15611580;33.0;Мужской;4;751;79281.61;1;Есть;Остается клиентом
15747649;36.0;Женский;0;558;126606.63;2;Есть;Остается клиентом
15700212;46.0;Женский;10;475;0.0;2;Нет;Покинул банк
15691624;33.0;Мужской;2;820;132150.26;2;Есть;Остается клиентом
15755242;46.0;Женский;2;682;0.0;1;Есть;Остается клиентом
15640905;35.0;Женский;1;579;129490.36;2;Нет;Покинул банк
15766776;41.0;Мужской;1;576;0.0;1;Есть;Остается клиентом
15690169;31.0;Мужской;7;645;161171.7;2;Есть;Покинул банк
15669301;29.0;Женский;6;778;150358.97;1;Есть;Покинул банк
15585256;26.0;Мужской;2;805;0.0;2;Есть;Остается клиентом
15656597;38.0;Мужской;2;432;135559.8;2;Есть;Остается клиентом
15761453;42.0;Мужской;6;667;0.0;1;Есть;Остается клиентом
15663987;30.0;Мужской;1;723;0.0;3;Есть;Покинул банк
15607537;46.0;Мужской;9;587;107850.82;1;Есть;Покинул банк
15610900;70.0;Женский;9;770;110738.89;1;Есть;Покинул банк
15679770;61.0;Женский;3;611;131583.59;4;Нет;Покинул банк
15624519;49.0;Женский;9;656;97092.87;1;Есть;Покинул банк
15607526;50.0;Мужской;1;638;102645.48;1;Есть;Покинул банк
15663808;59.0;Женский;8;666;152614.51;2;Есть;Остается клиентом
15713374;67.0;Мужской;9;689;157094.78;1;Есть;Остается клиентом
15777907;33.0;Женский;3;791;0.0;1;Есть;Покинул банк
15577313;44.0;Мужской;3;619;116967.68;1;Есть;Покинул банк
15681206;49.0;Женский;3;722;168197.66;1;Есть;Покинул банк
15744691;29.0;Женский;3;755;0.0;3;Есть;Остается клиентом
15684548;38.0;Мужской;8;556;0.0;2;Нет;Покинул банк
15656710;40.0;Мужской;4;613;0.0;1;Нет;Остается клиентом
15718289;46.0;Мужской;3;553;82291.1;1;Есть;Покинул банк
15600739;35.0;Женский;0;562;0.0;2;Есть;Остается клиентом
15778395;34.0;Мужской;4;762;88815.56;2;Есть;Покинул банк
15626795;40.0;Женский;3;672;0.0;1;Есть;Покинул банк
15679550;32.0;Мужской;9;743;0.0;2;Есть;Остается клиентом
15614168;50.0;Женский;4;792;146710.76;1;Есть;Покинул банк
15702601;30.0;Мужской;4;680;108300.27;2;Нет;Покинул банк
15577078;38.0;Мужской;6;539;0.0;1;Есть;Покинул банк
15568449;38.0;Мужской;7;661;143006.7;1;Есть;Остается клиентом
15779581;43.0;Женский;3;734;55853.33;2;Нет;Покинул банк
15759133;18.0;Мужской;6;616;0.0;2;Есть;Остается клиентом
15750156;59.0;Мужской;2;662;104568.41;1;Есть;Покинул банк
15642824;56.0;Женский;8;826;174506.1;2;Нет;Покинул банк
15676895;39.0;Женский;6;547;74596.15;3;Есть;Покинул банк
15570769;69.0;Мужской;9;494;93320.8;1;Есть;Остается клиентом
15649354;35.0;Мужской;4;754;0.0;2;Есть;Остается клиентом
15578006;85.0;Женский;10;787;0.0;2;Есть;Остается клиентом
15624755;40.0;Женский;3;707;109628.44;1;Есть;Остается клиентом
15814275;33.0;Мужской;6;685;174912.72;1;Есть;Остается клиентом
15719991;52.0;Женский;1;727;154733.97;1;Есть;Покинул банк
15789548;37.0;Женский;7;592;0.0;2;Есть;Остается клиентом
15680683;29.0;Мужской;5;640;197200.04;2;Есть;Остается клиентом
15719017;34.0;Женский;8;672;0.0;2;Есть;Остается клиентом
15637131;38.0;Мужской;9;829;0.0;2;Есть;Остается клиентом
15612187;32.0;Мужской;8;547;155726.85;1;Есть;Остается клиентом
15793247;34.0;Мужской;5;498;0.0;2;Есть;Остается клиентом
15802585;41.0;Женский;8;634;68213.99;1;Есть;Остается клиентом
15792649;31.0;Женский;9;547;0.0;2;Нет;Остается клиентом
15795954;35.0;Мужской;2;746;172274.01;1;Есть;Остается клиентом
15720511;41.0;Мужской;3;547;151191.31;1;Есть;Покинул банк
15575147;22.0;Мужской;9;699;99339.0;1;Есть;Покинул банк
15598840;33.0;Мужской;1;680;123082.08;1;Есть;Остается клиентом
15806284;31.0;Мужской;1;739;0.0;2;Есть;Остается клиентом
15707567;50.0;Мужской;6;732;145338.76;1;Нет;Покинул банк
15743411;61.0;Мужской;1;609;0.0;1;Есть;Покинул банк
15574830;58.0;Мужской;2;633;128137.42;2;Есть;Покинул банк
15641822;19.0;Женский;1;648;0.0;2;Нет;Остается клиентом
15766288;36.0;Женский;5;586;103700.69;1;Есть;Покинул банк
15725737;46.0;Мужской;3;669;0.0;2;Нет;Остается клиентом
15579207;37.0;Мужской;3;545;91184.01;1;Есть;Остается клиентом
15680046;36.0;Мужской;8;711;0.0;2;Есть;Остается клиентом
15729689;35.0;Мужской;6;754;98585.94;2;Нет;Остается клиентом
15785488;39.0;Женский;9;701;0.0;2;Есть;Остается клиентом
15622631;44.0;Мужской;8;588;154409.74;1;Есть;Покинул банк
15804797;54.0;Женский;3;443;138547.97;1;Есть;Покинул банк
15627840;42.0;Женский;0;682;0.0;1;Нет;Покинул банк
15653275;54.0;Женский;1;785;0.0;2;Есть;Покинул банк
15647191;36.0;Мужской;4;677;0.0;2;Есть;Остается клиентом
15735221;42.0;Женский;10;697;0.0;2;Есть;Остается клиентом
15806389;55.0;Женский;1;549;137592.31;2;Нет;Покинул банк
15622833;29.0;Женский;10;835;130420.2;2;Нет;Остается клиентом
15634974;37.0;Женский;8;614;75150.34;4;Нет;Покинул банк
15813192;25.0;Мужской;6;494;0.0;2;Нет;Остается клиентом
15783349;39.0;Мужской;1;481;111233.09;1;Есть;Остается клиентом
15589924;40.0;Женский;1;577;0.0;2;Есть;Остается клиентом
15710012;44.0;Мужской;2;738;0.0;2;Есть;Покинул банк
15749851;26.0;Женский;4;702;135219.57;1;Нет;Остается клиентом
15629094;36.0;Женский;1;528;156948.41;1;Есть;Покинул банк
15701301;42.0;Женский;3;646;175159.9;2;Нет;Покинул банк
15694666;48.0;Мужской;8;707;88441.64;1;Есть;Покинул банк
15616280;46.0;Мужской;1;536;65733.41;1;Есть;Остается клиентом
15773338;58.0;Мужской;2;739;101579.28;1;Есть;Остается клиентом
15801699;43.0;Мужской;5;436;0.0;2;Есть;Остается клиентом
15571144;28.0;Мужской;10;655;0.0;2;Нет;Остается клиентом
15623202;39.0;Женский;10;704;102556.18;2;Есть;Покинул банк
15569571;46.0;Женский;6;584;87361.02;2;Есть;Покинул банк
15810457;33.0;Женский;9;728;150412.14;2;Есть;Остается клиентом
15702462;44.0;Женский;6;619;52831.13;1;Есть;Покинул банк
15603749;53.0;Женский;2;564;45472.28;1;Есть;Покинул банк
15801152;39.0;Женский;1;553;142876.98;2;Есть;Остается клиентом
15718281;67.0;Мужской;1;706;123276.69;2;Есть;Покинул банк
15581440;48.0;Женский;6;724;110463.25;2;Есть;Покинул банк
15641413;49.0;Женский;7;587;155393.98;2;Есть;Покинул банк
15642530;47.0;Женский;10;706;144090.42;1;Есть;Покинул банк
15601873;36.0;Женский;7;677;0.0;1;Есть;Остается клиентом
15717706;32.0;Женский;3;799;106045.92;2;Есть;Остается клиентом
15663650;52.0;Мужской;10;698;107304.39;3;Есть;Покинул банк
15762588;31.0;Мужской;5;644;0.0;2;Есть;Остается клиентом
15797081;49.0;Женский;9;611;115488.52;2;Есть;Покинул банк
15585580;52.0;Женский;9;796;167194.36;1;Есть;Покинул банк
15646372;66.0;Женский;1;616;135842.41;1;Есть;Покинул банк
15769216;43.0;Женский;2;601;0.0;1;Есть;Покинул банк
15635240;42.0;Мужской;1;553;0.0;2;Нет;Остается клиентом
15768600;50.0;Мужской;9;805;130023.38;1;Есть;Покинул банк
15704583;56.0;Мужской;2;651;0.0;1;Есть;Покинул банк
15783629;42.0;Женский;6;616;117899.95;2;Нет;Остается клиентом
15624388;50.0;Женский;5;649;155393.32;1;Есть;Покинул банк
15784320;44.0;Женский;3;632;133793.89;1;Есть;Покинул банк
15693764;52.0;Мужской;0;663;136298.65;1;Есть;Покинул банк
15658956;40.0;Мужской;6;505;47869.69;2;Есть;Остается клиентом
15701809;28.0;Женский;3;749;0.0;1;Есть;Остается клиентом
15733447;51.0;Женский;1;562;124662.54;1;Есть;Покинул банк
15610727;36.0;Мужской;7;605;128829.25;1;Есть;Остается клиентом
15654964;48.0;Мужской;7;608;75801.74;1;Есть;Остается клиентом
15702430;35.0;Женский;10;548;0.0;1;Есть;Остается клиентом
15637788;23.0;Мужской;3;743;110203.77;1;Есть;Остается клиентом
15674929;31.0;Женский;7;512;0.0;2;Нет;Остается клиентом
15692577;38.0;Женский;10;674;83727.68;1;Есть;Остается клиентом
15800515;35.0;Мужской;5;516;128653.59;1;Есть;Остается клиентом
15771154;73.0;Женский;8;683;137732.23;2;Есть;Остается клиентом
15808960;40.0;Мужской;5;620;108197.11;2;Есть;Остается клиентом
15604482;30.0;Мужской;2;850;141040.01;1;Есть;Остается клиентом
15655859;35.0;Мужской;5;848;120046.74;2;Есть;Остается клиентом
15642544;34.0;Мужской;5;723;0.0;2;Нет;Остается клиентом
15646726;43.0;Мужской;5;672;0.0;1;Нет;Остается клиентом
15810418;60.0;Женский;3;756;115924.89;1;Есть;Покинул банк
15782247;22.0;Мужской;4;540;0.0;3;Есть;Покинул банк
15669411;52.0;Женский;6;750;107467.56;1;Есть;Покинул банк
15757829;40.0;Женский;10;609;137389.77;2;Есть;Остается клиентом
15687658;52.0;Женский;7;716;65971.61;2;Есть;Покинул банк
15793671;34.0;Мужской;5;606;0.0;1;Есть;Остается клиентом
15697844;32.0;Женский;10;721;0.0;1;Есть;Покинул банк
15800746;45.0;Мужской;7;674;144889.18;1;Есть;Покинул банк
15575119;71.0;Мужской;3;779;0.0;2;Есть;Покинул банк
15773792;32.0;Женский;4;662;133950.37;1;Есть;Покинул банк
15669414;62.0;Мужской;9;486;118356.89;2;Есть;Покинул банк
15611430;54.0;Мужской;5;690;0.0;1;Есть;Покинул банк
15791925;29.0;Мужской;10;751;147737.63;1;Нет;Остается клиентом
15813504;25.0;Женский;1;543;146566.01;1;Нет;Остается клиентом
15596493;47.0;Женский;7;687;0.0;2;Есть;Остается клиентом
15775625;47.0;Мужской;6;596;0.0;1;Есть;Остается клиентом
15641136;32.0;Мужской;2;629;0.0;2;Нет;Остается клиентом
15679663;36.0;Женский;0;488;0.0;2;Есть;Остается клиентом
15681274;56.0;Женский;2;726;105473.74;1;Есть;Остается клиентом
15686885;44.0;Мужской;3;777;124655.59;2;Нет;Остается клиентом
15724321;47.0;Женский;9;516;128298.74;1;Нет;Покинул банк
15624633;45.0;Мужской;9;702;74989.58;1;Есть;Остается клиентом
15655574;40.0;Женский;8;698;150777.1;1;Есть;Остается клиентом
15738181;31.0;Мужской;6;850;67996.23;2;Нет;Покинул банк
15576723;37.0;Женский;7;740;0.0;2;Есть;Остается клиентом
15680346;40.0;Мужской;8;683;0.0;1;Есть;Остается клиентом
15573798;36.0;Женский;6;448;83947.12;2;Есть;Остается клиентом
15711618;39.0;Женский;1;704;124640.51;1;Есть;Покинул банк
15802758;23.0;Женский;4;594;104753.84;2;Есть;Покинул банк
15659651;31.0;Женский;7;531;117052.82;1;Есть;Покинул банк
15732202;34.0;Мужской;1;615;83503.11;2;Есть;Покинул банк
15633378;49.0;Женский;9;692;0.0;2;Есть;Остается клиентом
15632280;53.0;Женский;9;544;0.0;1;Есть;Покинул банк
15753831;32.0;Мужской;7;642;100433.8;1;Есть;Остается клиентом
15696588;36.0;Женский;3;679;0.0;2;Есть;Остается клиентом
15745533;63.0;Женский;1;799;110314.21;2;Есть;Покинул банк
15660505;46.0;Мужской;2;735;106344.95;1;Есть;Покинул банк
15669782;39.0;Мужской;9;820;111336.89;1;Есть;Покинул банк
15695339;53.0;Мужской;0;517;109172.88;1;Есть;Покинул банк
15633064;36.0;Женский;4;438;0.0;2;Есть;Остается клиентом
15814465;24.0;Мужской;1;612;182705.05;1;Есть;Остается клиентом
15573456;46.0;Мужской;9;648;127209.0;2;Есть;Покинул банк
15585985;48.0;Мужской;5;746;165282.42;1;Есть;Покинул банк
15605916;50.0;Женский;3;659;0.0;1;Есть;Покинул банк
15809736;46.0;Мужской;2;664;0.0;1;Есть;Покинул банк
15764033;43.0;Женский;1;693;121927.92;1;Есть;Покинул банк
15736271;29.0;Женский;9;498;0.0;1;Есть;Остается клиентом
15597949;47.0;Женский;5;768;104552.61;1;Есть;Покинул банк
15806256;48.0;Мужской;2;540;109349.29;1;Есть;Покинул банк
15567506;40.0;Женский;6;738;114940.67;2;Есть;Покинул банк
15681671;28.0;Мужской;2;850;101100.22;2;Есть;Остается клиентом
15617482;52.0;Женский;1;489;131441.51;1;Есть;Покинул банк
15669656;32.0;Мужской;6;632;111589.33;1;Есть;Остается клиентом
15766017;58.0;Мужской;3;615;72309.3;1;Есть;Покинул банк
15773890;22.0;Мужской;5;733;0.0;2;Есть;Остается клиентом
15789313;44.0;Женский;4;595;96553.52;2;Есть;Покинул банк
15730044;42.0;Женский;6;809;64497.94;3;Нет;Покинул банк
15794360;70.0;Женский;5;592;71816.74;2;Есть;Покинул банк
15632882;37.0;Мужской;1;684;126817.13;2;Есть;Покинул банк
15599272;36.0;Женский;1;795;151844.64;1;Есть;Остается клиентом
15606177;39.0;Мужской;2;672;0.0;2;Есть;Остается клиентом
15621064;23.0;Мужской;5;701;186101.18;2;Есть;Остается клиентом
15639004;72.0;Мужской;2;668;0.0;2;Есть;Остается клиентом
15701164;34.0;Женский;4;506;90307.62;1;Есть;Остается клиентом
15643392;31.0;Мужской;4;742;105239.1;1;Есть;Остается клиентом
15732266;53.0;Мужской;5;553;127997.83;1;Есть;Покинул банк
15672027;33.0;Женский;10;717;102185.42;2;Есть;Остается клиентом
15722473;41.0;Мужской;3;713;0.0;2;Есть;Остается клиентом
15720713;29.0;Женский;10;850;0.0;2;Есть;Остается клиентом
15756975;35.0;Женский;3;777;0.0;2;Есть;Остается клиентом
15694272;30.0;Мужской;1;673;64097.75;1;Есть;Остается клиентом
15576644;29.0;Женский;4;687;78939.15;1;Есть;Покинул банк
15618562;40.0;Женский;0;618;140306.38;1;Есть;Покинул банк
15771270;27.0;Женский;8;635;127471.56;1;Есть;Покинул банк
15740264;38.0;Мужской;9;640;0.0;2;Есть;Остается клиентом
15727299;62.0;Мужской;1;445;64119.38;1;Есть;Покинул банк
15640442;31.0;Мужской;4;717;129722.57;1;Нет;Остается клиентом
15709368;43.0;Женский;6;614;0.0;2;Есть;Остается клиентом
15717560;50.0;Мужской;0;580;125647.36;1;Есть;Покинул банк
15627298;37.0;Мужской;7;589;85146.48;2;Есть;Покинул банк
15721935;25.0;Мужской;7;521;0.0;2;Есть;Остается клиентом
15592300;35.0;Мужской;10;543;59408.63;1;Есть;Остается клиентом
15617476;30.0;Женский;5;546;0.0;2;Нет;Остается клиентом
15673984;35.0;Женский;8;536;0.0;1;Есть;Покинул банк
15705860;40.0;Мужской;3;631;107949.45;1;Есть;Покинул банк
15720110;32.0;Мужской;2;795;117265.21;1;Есть;Остается клиентом
15778694;26.0;Женский;1;638;105249.76;2;Есть;Остается клиентом
15775803;41.0;Мужской;1;841;0.0;2;Нет;Остается клиентом
15785358;46.0;Мужской;8;586;106968.96;1;Есть;Покинул банк
15775294;31.0;Женский;2;692;0.0;2;Есть;Покинул банк
15588859;44.0;Женский;0;496;179356.28;2;Есть;Покинул банк
15724076;57.0;Женский;5;815;0.0;3;Нет;Покинул банк
15712536;36.0;Женский;3;625;0.0;2;Есть;Покинул банк
15749482;30.0;Мужской;4;772;78653.05;1;Есть;Остается клиентом
15643158;40.0;Женский;9;598;0.0;1;Есть;Покинул банк
15777639;23.0;Женский;10;595;101126.66;2;Нет;Остается клиентом
15733966;55.0;Женский;4;496;125292.53;1;Есть;Покинул банк
15773283;65.0;Мужской;6;641;38340.02;1;Есть;Покинул банк
15699467;41.0;Женский;0;631;0.0;1;Нет;Остается клиентом
15706005;46.0;Мужской;2;674;174701.05;1;Есть;Покинул банк
15686999;40.0;Женский;8;556;0.0;2;Есть;Остается клиентом
15709941;46.0;Мужской;8;753;0.0;3;Есть;Покинул банк
15747927;26.0;Мужской;4;758;155739.76;1;Есть;Остается клиентом
15588614;57.0;Мужской;7;753;0.0;1;Есть;Покинул банк
15744582;24.0;Женский;10;680;0.0;3;Есть;Покинул банк
15665783;49.0;Мужской;7;565;0.0;2;Есть;Остается клиентом
15670646;42.0;Женский;0;499;147187.84;1;Есть;Покинул банк
15605264;47.0;Мужской;0;669;63723.78;2;Есть;Остается клиентом
15763171;25.0;Женский;2;650;114330.95;1;Есть;Остается клиентом
15583371;37.0;Мужской;1;632;138207.08;1;Есть;Покинул банк
15793424;28.0;Женский;8;663;61274.7;2;Есть;Остается клиентом
15585249;42.0;Мужской;6;741;106036.52;1;Есть;Покинул банк
15589949;34.0;Мужской;9;433;152806.74;1;Есть;Остается клиентом
15746451;41.0;Мужской;7;686;102749.72;1;Нет;Остается клиентом
15575955;24.0;Женский;0;764;0.0;2;Есть;Остается клиентом
15714391;35.0;Женский;2;563;183572.84;1;Есть;Покинул банк
15693468;39.0;Женский;9;488;140553.46;1;Нет;Остается клиентом
15603582;34.0;Женский;3;569;0.0;1;Есть;Остается клиентом
15569878;37.0;Мужской;3;592;96651.03;1;Есть;Остается клиентом
15607786;26.0;Мужской;6;709;156551.63;1;Нет;Остается клиентом
15693205;41.0;Женский;8;691;109153.96;3;Есть;Покинул банк
15771409;58.0;Мужской;7;586;151933.63;1;Есть;Покинул банк
15764537;43.0;Мужской;8;703;0.0;2;Есть;Остается клиентом
15700749;39.0;Женский;6;481;0.0;1;Есть;Остается клиентом
15677796;47.0;Мужской;9;766;129289.98;1;Есть;Покинул банк
15706223;38.0;Мужской;2;715;96798.79;2;Есть;Остается клиентом
15771417;43.0;Мужской;7;640;132412.38;1;Нет;Покинул банк
15644501;26.0;Женский;10;579;162482.76;1;Есть;Остается клиентом
15716431;30.0;Женский;10;775;191091.74;2;Есть;Остается клиентом
15638646;43.0;Женский;1;669;160474.59;1;Есть;Остается клиентом
15630321;44.0;Мужской;3;680;0.0;2;Есть;Остается клиентом
15623102;38.0;Мужской;6;713;116980.78;2;Нет;Остается клиентом
15742798;22.0;Женский;7;829;150126.44;1;Есть;Покинул банк
15761986;32.0;Женский;3;439;138901.61;1;Есть;Остается клиентом
15613282;29.0;Мужской;8;757;130306.49;1;Есть;Остается клиентом
15636330;48.0;Женский;1;588;143279.58;2;Есть;Покинул банк
15755077;37.0;Женский;0;778;105617.73;2;Есть;Покинул банк
15786717;36.0;Мужской;1;567;0.0;2;Нет;Остается клиентом
15670528;43.0;Мужской;0;787;132217.45;1;Есть;Покинул банк
15669219;35.0;Мужской;3;588;104356.38;1;Есть;Остается клиентом
15569917;30.0;Мужской;6;706;87609.68;2;Нет;Покинул банк
15592194;28.0;Женский;9;492;0.0;2;Есть;Остается клиентом
15581198;39.0;Женский;0;668;122104.79;1;Есть;Покинул банк
15681476;39.0;Женский;1;520;73493.17;1;Нет;Покинул банк
15641359;35.0;Женский;6;662;0.0;2;Нет;Покинул банк
15807889;74.0;Мужской;5;634;108891.7;1;Есть;Остается клиентом
15766826;26.0;Мужской;7;824;146266.0;1;Есть;Покинул банк
15793890;59.0;Женский;4;728;0.0;1;Есть;Покинул банк
15726403;41.0;Мужской;1;660;129901.21;1;Есть;Покинул банк
15647311;41.0;Женский;1;608;83807.86;1;Нет;Остается клиентом
15590810;41.0;Женский;9;638;144326.09;1;Есть;Покинул банк
15810227;34.0;Мужской;2;421;0.0;2;Есть;Остается клиентом
15668283;48.0;Мужской;9;642;118317.27;4;Нет;Покинул банк
15702912;35.0;Женский;2;752;0.0;1;Есть;Покинул банк
15787756;51.0;Мужской;10;467;114514.71;2;Есть;Покинул банк
15678374;59.0;Женский;5;666;0.0;2;Есть;Остается клиентом
15744689;35.0;Мужской;9;479;92833.89;1;Есть;Покинул банк
15621004;32.0;Мужской;7;603;0.0;1;Есть;Покинул банк
15666095;51.0;Мужской;4;753;79811.72;2;Нет;Покинул банк
15636977;36.0;Мужской;9;507;118214.32;3;Есть;Покинул банк
15578186;37.0;Мужской;9;486;115217.99;2;Есть;Остается клиентом
15698335;73.0;Женский;8;504;0.0;1;Есть;Остается клиентом
15764922;20.0;Мужской;3;596;187294.46;1;Есть;Остается клиентом
15661656;38.0;Мужской;2;633;91902.56;2;Есть;Остается клиентом
15700854;35.0;Мужской;8;595;0.0;1;Есть;Покинул банк
15606641;56.0;Мужской;10;762;100260.88;3;Есть;Покинул банк
15601688;28.0;Мужской;8;546;0.0;1;Есть;Остается клиентом
15685279;57.0;Женский;8;511;122950.31;1;Есть;Остается клиентом
15811177;31.0;Женский;3;643;167949.48;1;Есть;Остается клиентом
15633930;56.0;Женский;6;648;157559.59;2;Есть;Покинул банк
15707120;46.0;Мужской;9;850;117640.39;1;Есть;Остается клиентом
15622289;36.0;Женский;9;605;0.0;2;Нет;Остается клиентом
15688251;43.0;Мужской;1;767;76408.85;2;Есть;Остается клиентом
15666548;56.0;Женский;2;466;111920.13;3;Есть;Покинул банк
15810732;36.0;Женский;8;730;148749.29;2;Есть;Остается клиентом
15725906;51.0;Женский;8;665;0.0;1;Есть;Покинул банк
15666856;49.0;Мужской;1;774;142767.39;1;Есть;Остается клиентом
15758901;47.0;Женский;1;713;0.0;1;Есть;Покинул банк
15586264;43.0;Мужской;2;572;140431.98;1;Есть;Покинул банк
15589805;34.0;Женский;6;563;139810.34;1;Есть;Остается клиентом
15631305;28.0;Женский;4;599;126833.79;2;Есть;Покинул банк
15634551;46.0;Мужской;3;727;115248.11;4;Есть;Покинул банк
15631201;28.0;Женский;4;472;0.0;2;Есть;Остается клиентом
15589948;28.0;Мужской;1;607;135936.1;2;Есть;Остается клиентом
15659092;50.0;Женский;5;621;0.0;2;Есть;Покинул банк
15647572;34.0;Мужской;0;504;54980.81;1;Есть;Остается клиентом
15627365;46.0;Мужской;0;732;0.0;2;Есть;Остается клиентом
15596181;38.0;Мужской;8;542;65942.26;1;Есть;Покинул банк
15685372;54.0;Мужской;1;350;152677.48;1;Есть;Покинул банк
15801414;35.0;Женский;2;767;0.0;2;Нет;Остается клиентом
15587535;46.0;Женский;5;450;177619.71;1;Есть;Остается клиентом
15686463;38.0;Мужской;7;626;141074.59;1;Есть;Покинул банк
15733705;30.0;Женский;8;577;92472.1;2;Нет;Остается клиентом
15656426;42.0;Женский;3;713;0.0;2;Нет;Остается клиентом
15692918;36.0;Мужской;10;604;113546.3;1;Есть;Остается клиентом
15731117;28.0;Мужской;2;437;109161.25;1;Есть;Остается клиентом
15662488;44.0;Женский;5;627;0.0;2;Есть;Покинул банк
15574004;27.0;Женский;6;429;117307.44;2;Есть;Остается клиентом
15591986;46.0;Мужской;6;621;141078.37;1;Нет;Покинул банк
15589572;61.0;Женский;4;785;129855.72;2;Есть;Покинул банк
15613102;31.0;Женский;2;670;57530.06;1;Есть;Покинул банк
15624451;38.0;Женский;3;641;0.0;2;Есть;Остается клиентом
15591107;68.0;Женский;3;723;110357.0;1;Нет;Покинул банк
15811588;53.0;Женский;7;664;187602.18;1;Есть;Покинул банк
15655794;36.0;Мужской;8;620;0.0;2;Есть;Остается клиентом
15622801;27.0;Женский;8;555;102000.17;1;Есть;Остается клиентом
15699598;20.0;Женский;4;723;0.0;2;Есть;Остается клиентом
15777922;36.0;Мужской;1;629;161757.87;2;Есть;Остается клиентом
15638988;54.0;Мужской;6;684;0.0;2;Есть;Остается клиентом
15674720;37.0;Женский;7;691;123067.63;1;Есть;Покинул банк
15617052;34.0;Мужской;9;782;0.0;1;Есть;Покинул банк
15750447;60.0;Женский;10;678;117738.81;1;Есть;Покинул банк
15675896;42.0;Женский;7;680;105722.69;1;Есть;Покинул банк
15731951;28.0;Женский;5;689;95328.6;1;Есть;Покинул банк
15710105;26.0;Женский;3;581;105099.45;1;Есть;Покинул банк
15730076;45.0;Мужской;1;651;0.0;1;Есть;Покинул банк
15812272;44.0;Мужской;5;693;124601.58;2;Есть;Покинул банк
15791700;47.0;Мужской;2;773;118079.47;4;Есть;Покинул банк
15622033;41.0;Женский;3;847;101543.51;4;Есть;Покинул банк
15712807;46.0;Мужской;3;556;131764.96;1;Есть;Покинул банк
15761886;36.0;Мужской;4;740;172381.8;1;Есть;Остается клиентом
15699247;44.0;Женский;5;791;0.0;2;Есть;Покинул банк
15664498;26.0;Мужской;7;508;205962.0;1;Есть;Остается клиентом
15576000;40.0;Мужской;6;765;138033.55;1;Есть;Остается клиентом
15696674;45.0;Женский;2;643;150842.93;1;Нет;Покинул банк
15572767;29.0;Мужской;2;777;0.0;2;Есть;Остается клиентом
15684269;35.0;Женский;3;707;56674.48;1;Есть;Покинул банк
15760427;40.0;Мужской;6;850;124788.18;1;Есть;Остается клиентом
15679062;47.0;Женский;10;734;91522.04;2;Есть;Остается клиентом
15631882;45.0;Мужской;9;688;103399.87;1;Нет;Остается клиентом
15594612;44.0;Мужской;9;702;0.0;1;Нет;Покинул банк
15742824;42.0;Мужской;7;696;162318.61;1;Есть;Остается клиентом
15721383;40.0;Мужской;10;627;0.0;2;Есть;Остается клиентом
15777873;31.0;Женский;5;628;0.0;1;Нет;Покинул банк
15606887;30.0;Женский;5;775;0.0;1;Есть;Покинул банк
15735203;32.0;Женский;1;654;114510.85;1;Есть;Остается клиентом
15658716;37.0;Женский;5;667;92171.35;3;Есть;Покинул банк
15697997;33.0;Мужской;5;602;164704.38;1;Нет;Покинул банк
15592000;48.0;Женский;9;781;82794.18;1;Есть;Покинул банк
15649379;46.0;Женский;3;850;0.0;2;Есть;Остается клиентом
15710825;31.0;Мужской;7;592;110071.1;1;Нет;Остается клиентом
15616630;41.0;Женский;5;583;77647.6;1;Есть;Остается клиентом
15778589;34.0;Мужской;7;626;113014.7;2;Есть;Остается клиентом
15739576;20.0;Мужской;8;706;0.0;2;Есть;Остается клиентом
15792986;24.0;Мужской;1;580;133811.78;1;Есть;Покинул банк
15650591;50.0;Мужской;10;809;118098.62;1;Есть;Покинул банк
15710365;50.0;Мужской;0;646;104129.24;2;Есть;Покинул банк
15589496;34.0;Мужской;5;778;139064.06;2;Нет;Остается клиентом
15729489;34.0;Женский;8;762;98592.88;1;Нет;Покинул банк
15788480;33.0;Женский;0;786;122325.58;1;Нет;Покинул банк
15790235;40.0;Мужской;8;778;104291.41;2;Есть;Остается клиентом
15585901;35.0;Мужской;1;717;0.0;3;Нет;Покинул банк
15782879;40.0;Мужской;2;656;0.0;2;Есть;Остается клиентом
15796957;35.0;Мужской;9;597;0.0;3;Нет;Покинул банк
15662751;40.0;Женский;0;655;81954.6;1;Есть;Покинул банк
15703167;45.0;Женский;8;628;0.0;2;Есть;Остается клиентом
15733973;42.0;Женский;8;850;0.0;1;Есть;Покинул банк
15798348;50.0;Женский;6;600;94684.27;1;Есть;Остается клиентом
15775067;47.0;Мужской;3;606;93578.68;2;Нет;Покинул банк
15705448;52.0;Мужской;7;647;130013.12;1;Есть;Покинул банк
15566531;33.0;Мужской;4;724;88046.88;1;Нет;Покинул банк
15597709;39.0;Женский;6;602;154121.32;2;Есть;Покинул банк
15813916;31.0;Женский;1;622;89688.94;1;Есть;Остается клиентом
15611635;39.0;Женский;6;678;0.0;1;Нет;Остается клиентом
15763907;39.0;Женский;1;820;104614.29;1;Есть;Покинул банк
15692750;45.0;Женский;7;629;129818.39;3;Есть;Покинул банк
15791513;41.0;Мужской;4;647;138937.35;1;Есть;Покинул банк
15654096;24.0;Женский;10;779;122200.31;2;Есть;Остается клиентом
15574206;37.0;Женский;7;718;0.0;2;Есть;Остается клиентом
15619898;55.0;Мужской;5;785;0.0;2;Есть;Остается клиентом
15803689;51.0;Женский;1;647;119741.77;2;Нет;Покинул банк
15664907;47.0;Мужской;1;527;0.0;1;Есть;Покинул банк
15804950;41.0;Женский;7;514;0.0;2;Есть;Остается клиентом
15668575;26.0;Женский;8;626;148610.41;3;Нет;Покинул банк
15790113;71.0;Женский;6;609;113317.1;1;Есть;Покинул банк
15671591;52.0;Мужской;3;439;96196.24;4;Есть;Покинул банк
15618936;51.0;Женский;5;688;0.0;1;Есть;Покинул банк
15697441;29.0;Мужской;7;485;182123.79;1;Есть;Покинул банк
15648030;33.0;Женский;5;731;137388.01;2;Есть;Остается клиентом
15795149;28.0;Мужской;2;703;81173.83;2;Нет;Остается клиентом
15601589;57.0;Женский;8;675;0.0;2;Нет;Остается клиентом
15751180;40.0;Женский;7;539;81132.21;1;Есть;Остается клиентом
15595303;46.0;Мужской;5;736;130812.91;1;Есть;Покинул банк
15588955;43.0;Женский;5;581;93259.57;3;Есть;Покинул банк
15790442;33.0;Мужской;2;631;0.0;2;Есть;Остается клиентом
15677317;29.0;Женский;4;570;153040.03;1;Есть;Покинул банк
15738448;25.0;Женский;3;480;174330.35;2;Нет;Остается клиентом
15588080;54.0;Мужской;6;675;0.0;1;Есть;Покинул банк
15600086;48.0;Мужской;7;717;123764.95;1;Есть;Остается клиентом
15756668;30.0;Мужской;3;706;98415.37;1;Есть;Остается клиентом
15661409;42.0;Женский;1;542;0.0;1;Есть;Покинул банк
15792064;53.0;Мужской;5;545;114421.55;1;Есть;Покинул банк
15574331;62.0;Женский;3;593;118233.81;1;Нет;Покинул банк
15785869;25.0;Женский;7;718;0.0;2;Есть;Остается клиентом
15728608;34.0;Женский;9;688;91025.58;2;Нет;Остается клиентом
15790299;37.0;Мужской;9;592;0.0;3;Есть;Остается клиентом
15729246;31.0;Мужской;5;847;0.0;2;Есть;Остается клиентом
15749905;47.0;Женский;6;698;0.0;1;Есть;Покинул банк
15786539;32.0;Мужской;1;808;0.0;2;Есть;Остается клиентом
15643630;55.0;Мужской;9;770;63127.41;2;Есть;Покинул банк
15578141;38.0;Мужской;3;592;0.0;1;Есть;Покинул банк
15697546;36.0;Женский;3;570;0.0;2;Есть;Остается клиентом
15806688;56.0;Женский;8;726;123110.9;3;Нет;Покинул банк
15753337;51.0;Мужской;5;555;0.0;3;Есть;Покинул банк
15576928;23.0;Женский;2;573;0.0;1;Есть;Остается клиентом
15585287;35.0;Женский;9;842;119948.09;1;Есть;Покинул банк
15569764;41.0;Женский;2;687;154007.21;1;Есть;Остается клиентом
15762799;23.0;Мужской;0;720;187861.18;2;Есть;Остается клиентом
15658148;38.0;Мужской;7;657;0.0;2;Есть;Остается клиентом
15719778;32.0;Женский;1;577;0.0;2;Есть;Остается клиентом
15711789;42.0;Женский;3;768;0.0;1;Нет;Покинул банк
15746594;33.0;Мужской;8;732;0.0;1;Есть;Остается клиентом
15612776;39.0;Женский;10;850;0.0;2;Есть;Остается клиентом
15662337;50.0;Женский;1;744;121498.11;2;Нет;Покинул банк
15671256;35.0;Женский;1;850;211774.31;1;Есть;Покинул банк
15776518;38.0;Женский;4;579;175739.36;1;Есть;Остается клиентом
15784124;41.0;Мужской;2;645;93925.3;1;Есть;Покинул банк
15620756;49.0;Мужской;6;747;202904.64;1;Есть;Покинул банк
15645355;34.0;Мужской;3;677;126729.41;1;Есть;Покинул банк
15593283;48.0;Женский;1;705;156848.13;2;Есть;Покинул банк
15608653;34.0;Женский;7;521;70731.07;1;Есть;Покинул банк
15680278;42.0;Женский;9;661;75361.44;1;Есть;Покинул банк
15721658;56.0;Женский;2;672;209767.31;2;Есть;Покинул банк
15743456;32.0;Женский;10;715;0.0;2;Есть;Остается клиентом
15716994;24.0;Мужской;3;559;114739.92;1;Есть;Покинул банк
15661162;49.0;Мужской;2;526;0.0;1;Есть;Покинул банк
15717700;34.0;Мужской;9;683;114609.55;2;Нет;Остается клиентом
15635034;37.0;Мужской;9;727;101191.83;1;Есть;Покинул банк
15677783;38.0;Мужской;4;764;113607.47;1;Есть;Остается клиентом
15747878;60.0;Мужской;4;739;0.0;1;Есть;Остается клиентом
15754301;39.0;Мужской;5;704;0.0;1;Есть;Остается клиентом
15585100;40.0;Женский;9;511;124401.6;1;Есть;Покинул банк
15604355;39.0;Мужской;1;519;97700.02;1;Есть;Остается клиентом
15645404;51.0;Женский;4;625;124620.01;2;Есть;Покинул банк
15784597;26.0;Мужской;9;648;162923.85;1;Есть;Остается клиентом
15723950;40.0;Мужской;2;684;70291.02;1;Есть;Покинул банк
15603111;71.0;Мужской;10;850;69608.14;1;Есть;Покинул банк
15713774;46.0;Женский;6;644;12459.19;1;Нет;Покинул банк
15748414;33.0;Женский;8;526;114634.63;2;Есть;Покинул банк
15676909;34.0;Женский;5;667;0.0;2;Есть;Остается клиентом
15702541;59.0;Женский;2;551;166968.28;1;Есть;Покинул банк
15736510;57.0;Женский;2;605;0.0;3;Есть;Покинул банк
15738088;63.0;Мужской;10;634;0.0;2;Есть;Покинул банк
15790744;34.0;Женский;9;850;92899.27;2;Есть;Остается клиентом
15810978;70.0;Женский;1;788;0.0;2;Есть;Остается клиентом
15570835;57.0;Женский;4;491;112044.72;1;Есть;Покинул банк
15733297;38.0;Женский;10;518;84764.79;1;Есть;Остается клиентом
15627484;47.0;Женский;5;686;113328.93;1;Есть;Остается клиентом
15745250;58.0;Мужской;8;850;156652.13;1;Нет;Покинул банк
15635776;43.0;Женский;5;686;154846.24;2;Есть;Остается клиентом
15569682;37.0;Мужской;9;768;108308.11;1;Есть;Покинул банк
15806318;48.0;Женский;2;676;124442.38;1;Есть;Покинул банк
15740104;22.0;Женский;7;425;169649.73;2;Нет;Покинул банк
15661629;34.0;Мужской;9;522;126436.29;1;Есть;Покинул банк
15568748;45.0;Мужской;6;671;99564.22;1;Есть;Покинул банк
15716381;50.0;Женский;7;666;109062.28;1;Есть;Покинул банк
15610337;35.0;Мужской;2;666;104832.49;1;Есть;Остается клиентом
15778142;31.0;Женский;1;850;130089.56;2;Есть;Остается клиентом
15657468;53.0;Женский;5;711;123805.03;1;Есть;Остается клиентом
15754084;35.0;Мужской;1;710;106518.52;1;Есть;Остается клиентом
15730759;27.0;Женский;9;561;135637.0;1;Есть;Покинул банк
15638610;65.0;Женский;5;635;117325.54;1;Есть;Покинул банк
15664615;30.0;Женский;5;689;136650.89;1;Есть;Покинул банк
15690829;49.0;Мужской;3;430;137115.16;1;Есть;Покинул банк
15654700;40.0;Женский;2;523;102967.41;1;Есть;Покинул банк
15684196;55.0;Женский;2;627;159441.27;1;Есть;Покинул банк
15756954;32.0;Женский;2;538;0.0;1;Есть;Остается клиентом
15815070;44.0;Женский;5;566;141428.99;2;Нет;Остается клиентом
15619608;50.0;Женский;10;454;92895.56;1;Есть;Покинул банк
15723886;20.0;Мужской;3;767;119714.25;2;Нет;Остается клиентом
15685329;63.0;Женский;1;531;114715.71;1;Нет;Покинул банк
15638882;62.0;Женский;9;710;148214.36;1;Есть;Покинул банк
15706128;21.0;Женский;1;632;0.0;2;Есть;Остается клиентом
15710087;54.0;Женский;3;705;125889.3;3;Есть;Покинул банк
15623630;56.0;Женский;3;634;116251.24;1;Нет;Покинул банк
15603554;45.0;Женский;0;513;164649.52;3;Есть;Покинул банк
15759874;44.0;Мужской;3;532;148595.55;1;Есть;Покинул банк
15759250;51.0;Мужской;3;745;99183.9;1;Есть;Остается клиентом
15579074;38.0;Мужской;10;619;84651.79;1;Есть;Остается клиентом
15577398;30.0;Мужской;6;850;86449.39;1;Есть;Остается клиентом
15802060;30.0;Женский;10;646;100548.67;2;Нет;Остается клиентом
15581089;35.0;Мужской;7;744;0.0;2;Есть;Остается клиентом
15736879;23.0;Мужской;1;669;0.0;2;Нет;Остается клиентом
15625080;54.0;Женский;8;745;0.0;1;Есть;Покинул банк
15797736;29.0;Мужской;4;658;80262.6;1;Есть;Остается клиентом
15573854;62.0;Мужской;5;727;0.0;2;Нет;Остается клиентом
15765311;34.0;Мужской;8;642;0.0;1;Есть;Остается клиентом
15713578;50.0;Женский;9;483;0.0;2;Есть;Остается клиентом
15755084;37.0;Мужской;7;531;121854.45;1;Есть;Остается клиентом
15617401;22.0;Мужской;2;468;0.0;2;Есть;Остается клиентом
15665221;26.0;Мужской;7;630;129837.72;2;Нет;Остается клиентом
15684669;41.0;Женский;9;567;137891.35;1;Есть;Покинул банк
15670668;29.0;Мужской;5;658;75395.53;2;Нет;Остается клиентом
15566251;37.0;Женский;5;618;96652.86;1;Есть;Покинул банк
15677371;30.0;Женский;2;629;34013.63;1;Есть;Остается клиентом
15661433;34.0;Мужской;5;519;0.0;1;Есть;Остается клиентом
15801915;31.0;Женский;6;529;152310.55;1;Есть;Остается клиентом
15722425;32.0;Мужской;9;639;0.0;2;Есть;Остается клиентом
15715465;28.0;Мужской;7;714;77776.39;1;Есть;Остается клиентом
15769582;29.0;Мужской;3;586;0.0;2;Есть;Остается клиентом
15695225;38.0;Мужской;8;834;0.0;2;Есть;Остается клиентом
15691910;30.0;Мужской;4;663;0.0;3;Есть;Остается клиентом
15762418;22.0;Мужской;3;750;121681.82;1;Есть;Покинул банк
15737047;45.0;Женский;6;754;0.0;1;Есть;Покинул банк
15693267;34.0;Женский;7;679;121063.85;1;Есть;Остается клиентом
15704651;26.0;Мужской;1;514;0.0;2;Нет;Остается клиентом
15629390;37.0;Мужской;7;653;135847.47;1;Есть;Остается клиентом
15725664;38.0;Женский;8;549;107283.4;1;Нет;Остается клиентом
15797219;40.0;Женский;10;635;123497.58;1;Есть;Покинул банк
15784923;37.0;Женский;3;705;109974.22;1;Есть;Покинул банк
15596649;39.0;Женский;8;651;0.0;1;Есть;Остается клиентом
15650488;48.0;Женский;6;492;127253.98;1;Есть;Покинул банк
15754796;46.0;Женский;4;487;135070.58;2;Есть;Покинул банк
15727811;47.0;Женский;0;661;109493.62;1;Нет;Покинул банк
15588918;42.0;Женский;6;671;0.0;2;Есть;Остается клиентом
15728963;51.0;Женский;10;617;167273.71;1;Нет;Покинул банк
15809800;38.0;Женский;4;726;0.0;2;Нет;Остается клиентом
15689344;42.0;Мужской;4;615;0.0;3;Нет;Остается клиентом
15789097;48.0;Мужской;8;644;0.0;2;Нет;Покинул банк
15688963;52.0;Женский;10;731;0.0;1;Есть;Покинул банк
15788022;41.0;Женский;4;802;90757.64;2;Нет;Остается клиентом
15813741;25.0;Мужской;6;549;193858.2;1;Нет;Остается клиентом
15769353;40.0;Женский;8;550;150490.32;1;Нет;Покинул банк
15757537;31.0;Женский;6;610;107784.65;1;Есть;Остается клиентом
15732281;34.0;Мужской;6;680;146422.22;1;Есть;Покинул банк
15611171;33.0;Мужской;1;740;129574.98;1;Есть;Остается клиентом
15815656;39.0;Женский;9;541;100116.67;1;Есть;Покинул банк
15734610;42.0;Мужской;4;543;89838.71;3;Есть;Покинул банк
15651533;50.0;Женский;5;570;129293.74;1;Есть;Покинул банк
15751774;76.0;Мужской;4;774;112510.89;1;Есть;Остается клиентом
15752047;33.0;Мужской;2;689;161814.64;2;Есть;Остается клиентом
15733797;36.0;Мужской;5;506;0.0;2;Есть;Остается клиентом
15739857;40.0;Женский;3;785;0.0;2;Есть;Остается клиентом
15745605;47.0;Женский;2;722;88011.4;1;Есть;Покинул банк
15606097;63.0;Мужской;7;665;104469.58;1;Есть;Покинул банк
15727539;31.0;Женский;4;618;0.0;2;Есть;Остается клиентом
15657809;55.0;Мужской;10;585;106415.57;3;Есть;Покинул банк
15798470;48.0;Женский;1;764;75990.97;1;Есть;Покинул банк
15799859;50.0;Мужской;4;704;165438.26;1;Есть;Покинул банк
15809309;40.0;Женский;5;689;154251.67;1;Нет;Остается клиентом
15583580;35.0;Женский;1;566;123042.0;1;Есть;Покинул банк
15625706;45.0;Мужской;2;693;116546.59;2;Нет;Покинул банк
15755209;35.0;Женский;7;484;133868.21;1;Есть;Остается клиентом
15670823;42.0;Женский;1;651;116646.76;1;Есть;Покинул банк
15769959;53.0;Женский;4;597;88381.21;1;Есть;Покинул банк
15690647;46.0;Женский;8;582;67563.31;1;Есть;Покинул банк
15630419;44.0;Мужской;9;634;149961.11;1;Есть;Остается клиентом
15690743;61.0;Женский;8;536;65190.29;1;Есть;Покинул банк
15669501;35.0;Мужской;5;706;0.0;2;Есть;Остается клиентом
15647838;51.0;Женский;2;648;116574.84;1;Есть;Покинул банк
15626628;31.0;Женский;2;631;88161.85;2;Есть;Остается клиентом
15626578;26.0;Мужской;9;622;0.0;2;Есть;Остается клиентом
15761654;30.0;Мужской;8;726;134152.29;1;Есть;Остается клиентом
15594456;56.0;Женский;4;740;99097.33;1;Есть;Покинул банк
15647207;26.0;Мужской;7;609;0.0;2;Есть;Остается клиентом
15694237;39.0;Мужской;4;744;95161.75;1;Есть;Остается клиентом
15584620;36.0;Женский;6;850;143644.16;1;Есть;Покинул банк
15709295;25.0;Женский;5;697;82931.85;2;Есть;Остается клиентом
15637354;24.0;Женский;7;623;148167.83;2;Есть;Остается клиентом
15689598;46.0;Мужской;6;722;0.0;1;Есть;Покинул банк
15791958;41.0;Женский;6;849;0.0;2;Есть;Покинул банк
15776921;45.0;Мужской;5;431;83624.55;2;Нет;Остается клиентом
15749557;44.0;Женский;6;707;0.0;2;Есть;Остается клиентом
15814816;40.0;Мужской;4;466;91592.06;1;Есть;Покинул банк
15669253;39.0;Мужской;7;754;157691.98;2;Есть;Покинул банк
15664543;40.0;Мужской;7;699;0.0;1;Нет;Покинул банк
15575399;42.0;Женский;1;480;152160.21;2;Есть;Остается клиентом
15641688;18.0;Мужской;7;644;0.0;1;Нет;Покинул банк
15599386;28.0;Мужской;5;627;71097.23;1;Есть;Остается клиентом
15785490;50.0;Мужской;3;771;105229.72;1;Есть;Покинул банк
15707861;46.0;Женский;10;520;85216.61;1;Есть;Покинул банк
15624347;40.0;Мужской;4;651;0.0;2;Есть;Остается клиентом
15739692;42.0;Мужской;1;679;0.0;2;Нет;Остается клиентом
15604792;38.0;Мужской;6;609;140752.06;2;Нет;Остается клиентом
15639117;34.0;Женский;6;624;0.0;1;Есть;Покинул банк
15779522;24.0;Женский;0;736;0.0;2;Есть;Покинул банк
15798895;59.0;Женский;6;525;55328.4;1;Есть;Покинул банк
15684010;74.0;Женский;2;640;116800.25;1;Есть;Остается клиентом
15763029;46.0;Мужской;9;612;161450.03;1;Есть;Покинул банк
15596175;67.0;Мужской;6;659;117411.6;1;Есть;Покинул банк
15650258;35.0;Женский;2;479;113090.4;1;Есть;Остается клиентом
15758939;35.0;Мужской;7;540;127801.88;1;Нет;Остается клиентом
15712319;45.0;Мужской;8;714;150900.29;2;Нет;Остается клиентом
15719508;49.0;Мужской;7;575;121205.15;4;Есть;Покинул банк
15758372;18.0;Мужской;7;674;0.0;2;Есть;Покинул банк
15759067;37.0;Женский;7;537;158411.95;4;Есть;Покинул банк
15585367;46.0;Женский;4;555;120392.99;1;Есть;Покинул банк
15705343;32.0;Женский;7;649;0.0;1;Есть;Остается клиентом
15761950;45.0;Женский;9;652;110827.49;1;Есть;Покинул банк
15796313;36.0;Женский;4;662;166909.2;2;Есть;Покинул банк
15763613;30.0;Мужской;1;581;0.0;2;Есть;Остается клиентом
15606861;34.0;Мужской;8;636;0.0;2;Есть;Остается клиентом
15596397;48.0;Женский;7;814;0.0;2;Есть;Остается клиентом
15632365;33.0;Мужской;8;542;142871.27;2;Нет;Остается клиентом
15778290;70.0;Мужской;8;799;70416.75;1;Есть;Остается клиентом
15781802;41.0;Мужской;6;755;104817.41;1;Есть;Покинул банк
15780954;26.0;Мужской;4;582;65848.36;2;Есть;Остается клиентом
15758482;32.0;Женский;0;626;0.0;2;Нет;Остается клиентом
15631159;41.0;Мужской;4;705;72252.64;2;Есть;Остается клиентом
15673877;39.0;Мужской;1;490;0.0;3;Есть;Покинул банк
15754713;31.0;Мужской;10;685;135213.71;1;Есть;Остается клиентом
15577170;60.0;Мужской;5;532;76705.87;2;Нет;Остается клиентом
15739438;30.0;Мужской;0;539;0.0;2;Есть;Остается клиентом
15679961;46.0;Мужской;7;708;68799.72;1;Есть;Остается клиентом
15655238;31.0;Женский;9;668;0.0;2;Нет;Остается клиентом
15806918;28.0;Мужской;5;674;0.0;1;Есть;Остается клиентом
15675141;35.0;Женский;4;569;93934.63;1;Есть;Остается клиентом
15582149;34.0;Женский;3;850;129668.43;2;Есть;Остается клиентом
15733229;34.0;Женский;7;638;0.0;2;Нет;Остается клиентом
15772412;30.0;Мужской;6;554;135370.12;1;Есть;Покинул банк
15673342;36.0;Мужской;2;703;0.0;2;Есть;Остается клиентом
15582116;45.0;Женский;7;767;132746.2;2;Есть;Покинул банк
15782360;65.0;Мужской;2;743;131935.51;1;Есть;Покинул банк
15641312;36.0;Мужской;6;615;0.0;1;Есть;Покинул банк
15713094;25.0;Женский;8;651;0.0;2;Есть;Остается клиентом
15702095;56.0;Женский;1;585;128472.8;1;Есть;Покинул банк
15627305;35.0;Мужской;7;606;0.0;1;Есть;Покинул банк
15645200;54.0;Женский;2;581;152508.99;1;Есть;Покинул банк
15656263;29.0;Мужской;5;764;0.0;2;Есть;Остается клиентом
15636023;40.0;Женский;10;619;0.0;1;Есть;Покинул банк
15706815;37.0;Мужской;2;515;90432.92;1;Есть;Покинул банк
15770474;33.0;Женский;1;685;0.0;3;Нет;Покинул банк
15648005;33.0;Мужской;2;672;0.0;2;Есть;Остается клиентом
15743245;42.0;Мужской;3;624;145155.37;1;Есть;Покинул банк
15764431;34.0;Женский;5;671;130929.02;4;Есть;Покинул банк
15702801;29.0;Женский;3;677;86616.35;1;Нет;Покинул банк
15569572;42.0;Мужской;6;778;0.0;2;Есть;Остается клиентом
15577999;62.0;Женский;1;850;124678.35;1;Есть;Покинул банк
15655229;35.0;Женский;7;850;114285.2;1;Нет;Остается клиентом
15648577;31.0;Женский;3;493;0.0;1;Есть;Покинул банк
15661473;51.0;Мужской;4;780;126725.25;1;Есть;Покинул банк
15783007;45.0;Женский;1;520;123086.39;1;Есть;Покинул банк
15734312;43.0;Мужской;6;577;0.0;2;Есть;Остается клиентом
15741275;57.0;Женский;7;623;71481.79;2;Есть;Остается клиентом
15641319;50.0;Мужской;4;518;0.0;1;Нет;Покинул банк
15657342;28.0;Мужской;4;850;147972.19;1;Есть;Покинул банк
15780038;38.0;Мужской;6;756;119208.85;1;Есть;Покинул банк
15651627;39.0;Мужской;1;628;115341.19;1;Есть;Покинул банк
15622985;39.0;Женский;4;679;0.0;1;Нет;Покинул банк
15602647;39.0;Мужской;6;729;127415.85;1;Есть;Покинул банк
15616529;34.0;Мужской;3;613;0.0;1;Есть;Остается клиентом
15672598;30.0;Мужской;9;613;111927.45;1;Есть;Остается клиентом
15682356;37.0;Женский;7;655;111852.84;2;Есть;Остается клиентом
15755638;43.0;Женский;5;673;168069.73;1;Есть;Покинул банк
15772896;42.0;Мужской;6;763;100160.75;1;Есть;Покинул банк
15729515;36.0;Мужской;1;782;148795.17;2;Есть;Остается клиентом
15770185;32.0;Мужской;10;779;80728.15;1;Есть;Остается клиентом
15708693;33.0;Женский;2;759;0.0;2;Есть;Остается клиентом
15709523;30.0;Женский;0;525;157989.21;2;Есть;Остается клиентом
15730394;43.0;Женский;8;709;0.0;2;Нет;Покинул банк
15811036;46.0;Мужской;7;565;135369.71;1;Нет;Остается клиентом
15704657;39.0;Мужской;3;601;72647.64;1;Есть;Покинул банк
15690546;42.0;Женский;2;618;0.0;4;Нет;Покинул банк
15570060;43.0;Женский;8;586;132558.26;1;Есть;Покинул банк
15766355;49.0;Мужской;0;550;108806.96;3;Есть;Покинул банк
15621075;45.0;Женский;1;778;162150.42;2;Есть;Остается клиентом
15648794;57.0;Мужской;4;836;101247.06;1;Есть;Покинул банк
